<?xml version="1.0" encoding="UTF-8"?>
<GenRun Id="synth_1" LaunchPart="xc7a35tcpg236-1" LaunchTime="1677697291">
  <File Type="PA-TCL" Name="Compuerta1JOUSAMRON.tcl"/>
  <File Type="RDS-PROPCONSTRS" Name="Compuerta1JOUSAMRON_drc_synth.rpt"/>
  <File Type="REPORTS-TCL" Name="Compuerta1JOUSAMRON_reports.tcl"/>
  <File Type="RDS-RDS" Name="Compuerta1JOUSAMRON.vds"/>
  <File Type="RDS-UTIL" Name="Compuerta1JOUSAMRON_utilization_synth.rpt"/>
  <File Type="RDS-UTIL-PB" Name="Compuerta1JOUSAMRON_utilization_synth.pb"/>
  <File Type="RDS-DCP" Name="Compuerta1JOUSAMRON.dcp"/>
  <File Type="VDS-TIMINGSUMMARY" Name="Compuerta1JOUSAMRON_timing_summary_synth.rpt"/>
  <File Type="VDS-TIMING-PB" Name="Compuerta1JOUSAMRON_timing_summary_synth.pb"/>
  <FileSet Name="sources" Type="DesignSrcs" RelSrcDir="$PSRCDIR/sources_1">
    <Filter Type="Srcs"/>
    <File Path="$PSRCDIR/sources_1/new/Compuerta1JOUSAMRON.vhd">
      <FileInfo>
        <Attr Name="UsedIn" Val="synthesis"/>
        <Attr Name="UsedIn" Val="simulation"/>
      </FileInfo>
    </File>
    <Config>
      <Option Name="DesignMode" Val="RTL"/>
      <Option Name="TopModule" Val="Compuerta1JOUSAMRON"/>
      <Option Name="TopAutoSet" Val="TRUE"/>
    </Config>
  </FileSet>
  <FileSet Name="constrs_in" Type="Constrs" RelSrcDir="$PSRCDIR/constrs_1">
    <Filter Type="Constrs"/>
    <File Path="$PSRCDIR/constrs_1/new/JOUSAMRON.xdc">
      <FileInfo>
        <Attr Name="UsedIn" Val="synthesis"/>
        <Attr Name="UsedIn" Val="implementation"/>
      </FileInfo>
    </File>
    <Config>
      <Option Name="TargetConstrsFile" Val="$PSRCDIR/constrs_1/new/JOUSAMRON.xdc"/>
      <Option Name="ConstrsType" Val="XDC"/>
    </Config>
  </FileSet>
  <FileSet Name="utils" Type="Utils" RelSrcDir="$PSRCDIR/utils_1">
    <Filter Type="Utils"/>
    <Config>
      <Option Name="TopAutoSet" Val="TRUE"/>
    </Config>
  </FileSet>
  <Strategy Version="1" Minor="2">
    <StratHandle Name="Vivado Synthesis Defaults" Flow="Vivado Synthesis 2020">
      <Desc>Vivado Synthesis Defaults</Desc>
    </StratHandle>
    <Step Id="synth_design"/>
  </Strategy>
</GenRun>
