<?xml version="1.0" encoding="UTF-8"?>
<GenRun Id="impl_1" LaunchPart="xc7a35tcpg236-1" LaunchTime="1677697291">
  <File Type="BITSTR-BMM" Name="Compuerta1JOUSAMRON_bd.bmm"/>
  <File Type="OPT-METHODOLOGY-DRC" Name="Compuerta1JOUSAMRON_methodology_drc_opted.rpt"/>
  <File Type="INIT-TIMING" Name="Compuerta1JOUSAMRON_timing_summary_init.rpt"/>
  <File Type="ROUTE-PWR" Name="Compuerta1JOUSAMRON_power_routed.rpt"/>
  <File Type="PA-TCL" Name="Compuerta1JOUSAMRON.tcl"/>
  <File Type="OPT-TIMING" Name="Compuerta1JOUSAMRON_timing_summary_opted.rpt"/>
  <File Type="OPT-DCP" Name="Compuerta1JOUSAMRON_opt.dcp"/>
  <File Type="ROUTE-PWR-SUM" Name="Compuerta1JOUSAMRON_power_summary_routed.pb"/>
  <File Type="REPORTS-TCL" Name="Compuerta1JOUSAMRON_reports.tcl"/>
  <File Type="OPT-DRC" Name="Compuerta1JOUSAMRON_drc_opted.rpt"/>
  <File Type="OPT-HWDEF" Name="Compuerta1JOUSAMRON.hwdef"/>
  <File Type="PWROPT-DCP" Name="Compuerta1JOUSAMRON_pwropt.dcp"/>
  <File Type="PWROPT-DRC" Name="Compuerta1JOUSAMRON_drc_pwropted.rpt"/>
  <File Type="PWROPT-TIMING" Name="Compuerta1JOUSAMRON_timing_summary_pwropted.rpt"/>
  <File Type="PLACE-DCP" Name="Compuerta1JOUSAMRON_placed.dcp"/>
  <File Type="PLACE-IO" Name="Compuerta1JOUSAMRON_io_placed.rpt"/>
  <File Type="PLACE-CLK" Name="Compuerta1JOUSAMRON_clock_utilization_placed.rpt"/>
  <File Type="PLACE-UTIL" Name="Compuerta1JOUSAMRON_utilization_placed.rpt"/>
  <File Type="PLACE-UTIL-PB" Name="Compuerta1JOUSAMRON_utilization_placed.pb"/>
  <File Type="PLACE-CTRL" Name="Compuerta1JOUSAMRON_control_sets_placed.rpt"/>
  <File Type="PLACE-SIMILARITY" Name="Compuerta1JOUSAMRON_incremental_reuse_placed.rpt"/>
  <File Type="PLACE-PRE-SIMILARITY" Name="Compuerta1JOUSAMRON_incremental_reuse_pre_placed.rpt"/>
  <File Type="PLACE-TIMING" Name="Compuerta1JOUSAMRON_timing_summary_placed.rpt"/>
  <File Type="POSTPLACE-PWROPT-DCP" Name="Compuerta1JOUSAMRON_postplace_pwropt.dcp"/>
  <File Type="BG-BIN" Name="Compuerta1JOUSAMRON.bin"/>
  <File Type="POSTPLACE-PWROPT-TIMING" Name="Compuerta1JOUSAMRON_timing_summary_postplace_pwropted.rpt"/>
  <File Type="PHYSOPT-DCP" Name="Compuerta1JOUSAMRON_physopt.dcp"/>
  <File Type="PHYSOPT-DRC" Name="Compuerta1JOUSAMRON_drc_physopted.rpt"/>
  <File Type="BITSTR-MSK" Name="Compuerta1JOUSAMRON.msk"/>
  <File Type="PHYSOPT-TIMING" Name="Compuerta1JOUSAMRON_timing_summary_physopted.rpt"/>
  <File Type="ROUTE-ERROR-DCP" Name="Compuerta1JOUSAMRON_routed_error.dcp"/>
  <File Type="ROUTE-DCP" Name="Compuerta1JOUSAMRON_routed.dcp"/>
  <File Type="ROUTE-BLACKBOX-DCP" Name="Compuerta1JOUSAMRON_routed_bb.dcp"/>
  <File Type="ROUTE-DRC" Name="Compuerta1JOUSAMRON_drc_routed.rpt"/>
  <File Type="ROUTE-DRC-PB" Name="Compuerta1JOUSAMRON_drc_routed.pb"/>
  <File Type="ROUTE-DRC-RPX" Name="Compuerta1JOUSAMRON_drc_routed.rpx"/>
  <File Type="BITSTR-MMI" Name="Compuerta1JOUSAMRON.mmi"/>
  <File Type="ROUTE-METHODOLOGY-DRC" Name="Compuerta1JOUSAMRON_methodology_drc_routed.rpt"/>
  <File Type="ROUTE-METHODOLOGY-DRC-RPX" Name="Compuerta1JOUSAMRON_methodology_drc_routed.rpx"/>
  <File Type="ROUTE-METHODOLOGY-DRC-PB" Name="Compuerta1JOUSAMRON_methodology_drc_routed.pb"/>
  <File Type="ROUTE-PWR-RPX" Name="Compuerta1JOUSAMRON_power_routed.rpx"/>
  <File Type="ROUTE-STATUS" Name="Compuerta1JOUSAMRON_route_status.rpt"/>
  <File Type="ROUTE-STATUS-PB" Name="Compuerta1JOUSAMRON_route_status.pb"/>
  <File Type="ROUTE-TIMINGSUMMARY" Name="Compuerta1JOUSAMRON_timing_summary_routed.rpt"/>
  <File Type="ROUTE-TIMING-PB" Name="Compuerta1JOUSAMRON_timing_summary_routed.pb"/>
  <File Type="ROUTE-TIMING-RPX" Name="Compuerta1JOUSAMRON_timing_summary_routed.rpx"/>
  <File Type="ROUTE-SIMILARITY" Name="Compuerta1JOUSAMRON_incremental_reuse_routed.rpt"/>
  <File Type="ROUTE-CLK" Name="Compuerta1JOUSAMRON_clock_utilization_routed.rpt"/>
  <File Type="ROUTE-BUS-SKEW" Name="Compuerta1JOUSAMRON_bus_skew_routed.rpt"/>
  <File Type="ROUTE-BUS-SKEW-PB" Name="Compuerta1JOUSAMRON_bus_skew_routed.pb"/>
  <File Type="ROUTE-BUS-SKEW-RPX" Name="Compuerta1JOUSAMRON_bus_skew_routed.rpx"/>
  <File Type="POSTROUTE-PHYSOPT-DCP" Name="Compuerta1JOUSAMRON_postroute_physopt.dcp"/>
  <File Type="POSTROUTE-PHYSOPT-BLACKBOX-DCP" Name="Compuerta1JOUSAMRON_postroute_physopt_bb.dcp"/>
  <File Type="POSTROUTE-PHYSOPT-TIMING" Name="Compuerta1JOUSAMRON_timing_summary_postroute_physopted.rpt"/>
  <File Type="POSTROUTE-PHYSOPT-TIMING-PB" Name="Compuerta1JOUSAMRON_timing_summary_postroute_physopted.pb"/>
  <File Type="POSTROUTE-PHYSOPT-TIMING-RPX" Name="Compuerta1JOUSAMRON_timing_summary_postroute_physopted.rpx"/>
  <File Type="POSTROUTE-PHYSOPT-BUS-SKEW" Name="Compuerta1JOUSAMRON_bus_skew_postroute_physopted.rpt"/>
  <File Type="POSTROUTE-PHYSOPT-BUS-SKEW-PB" Name="Compuerta1JOUSAMRON_bus_skew_postroute_physopted.pb"/>
  <File Type="BG-BIT" Name="Compuerta1JOUSAMRON.bit"/>
  <File Type="POSTROUTE-PHYSOPT-BUS-SKEW-RPX" Name="Compuerta1JOUSAMRON_bus_skew_postroute_physopted.rpx"/>
  <File Type="BITSTR-RBT" Name="Compuerta1JOUSAMRON.rbt"/>
  <File Type="BITSTR-NKY" Name="Compuerta1JOUSAMRON.nky"/>
  <File Type="PDI-FILE" Name="Compuerta1JOUSAMRON.pdi"/>
  <File Type="RCFI_FILE" Name="Compuerta1JOUSAMRON.rcfi"/>
  <File Type="CFI_FILE" Name="Compuerta1JOUSAMRON.cfi"/>
  <File Type="RNPI_FILE" Name="Compuerta1JOUSAMRON.rnpi"/>
  <File Type="NPI_FILE" Name="Compuerta1JOUSAMRON.npi"/>
  <File Type="RBD_FILE" Name="Compuerta1JOUSAMRON.rbd"/>
  <File Type="BITSTR-LTX" Name="debug_nets.ltx"/>
  <File Type="BITSTR-LTX" Name="Compuerta1JOUSAMRON.ltx"/>
  <File Type="BITSTR-SYSDEF" Name="Compuerta1JOUSAMRON.sysdef"/>
  <File Type="BG-BGN" Name="Compuerta1JOUSAMRON.bgn"/>
  <File Type="BG-DRC" Name="Compuerta1JOUSAMRON.drc"/>
  <File Type="RDI-RDI" Name="Compuerta1JOUSAMRON.vdi"/>
  <File Type="WBT-USG" Name="usage_statistics_webtalk.html"/>
  <FileSet Name="sources" Type="DesignSrcs" RelSrcDir="$PSRCDIR/sources_1">
    <Filter Type="Srcs"/>
    <File Path="$PSRCDIR/sources_1/new/Compuerta1JOUSAMRON.vhd">
      <FileInfo>
        <Attr Name="UsedIn" Val="synthesis"/>
        <Attr Name="UsedIn" Val="simulation"/>
      </FileInfo>
    </File>
    <Config>
      <Option Name="DesignMode" Val="RTL"/>
      <Option Name="TopModule" Val="Compuerta1JOUSAMRON"/>
      <Option Name="TopAutoSet" Val="TRUE"/>
    </Config>
  </FileSet>
  <FileSet Name="constrs_in" Type="Constrs" RelSrcDir="$PSRCDIR/constrs_1">
    <Filter Type="Constrs"/>
    <File Path="$PSRCDIR/constrs_1/new/JOUSAMRON.xdc">
      <FileInfo>
        <Attr Name="UsedIn" Val="synthesis"/>
        <Attr Name="UsedIn" Val="implementation"/>
      </FileInfo>
    </File>
    <Config>
      <Option Name="TargetConstrsFile" Val="$PSRCDIR/constrs_1/new/JOUSAMRON.xdc"/>
      <Option Name="ConstrsType" Val="XDC"/>
    </Config>
  </FileSet>
  <FileSet Name="utils" Type="Utils" RelSrcDir="$PSRCDIR/utils_1">
    <Filter Type="Utils"/>
    <Config>
      <Option Name="TopAutoSet" Val="TRUE"/>
    </Config>
  </FileSet>
  <Strategy Version="1" Minor="2">
    <StratHandle Name="Vivado Implementation Defaults" Flow="Vivado Implementation 2020">
      <Desc>Default settings for Implementation.</Desc>
    </StratHandle>
    <Step Id="init_design"/>
    <Step Id="opt_design"/>
    <Step Id="power_opt_design"/>
    <Step Id="place_design"/>
    <Step Id="post_place_power_opt_design"/>
    <Step Id="phys_opt_design"/>
    <Step Id="route_design"/>
    <Step Id="post_route_phys_opt_design"/>
    <Step Id="write_bitstream"/>
  </Strategy>
</GenRun>
